{"cameraMode":{"drawMode":0,"name":"Shaded","section":"Shading Mode"},"sceneLighting":true,"audioPlay":false,"sceneViewState":{"m_AlwaysRefresh":false,"showFog":true,"showSkybox":true,"showFlares":true,"showImageEffects":true,"showParticleSystems":true,"showVisualEffectGraphs":true,"m_FxEnabled":true},"in2DMode":false,"pivot":{"x":12.764606475830079,"y":-10.273931503295899,"z":12.575559616088868},"rotation":{"x":0.300973117351532,"y":0.40994155406951907,"z":-0.14538392424583436,"w":0.8486542105674744},"size":12.074636459350586,"orthographic":false}